en,zh,vi
Accordion,手风琴,Thanh mở rộng
Accordion1,手风琴,Thanh mở rộng
AccountType,账户类型,Loại tài khoản
Article,通知公告,Công báo công khai
AssignRole,分配角色,Phân phối vai trò
AssignUser,分配用户,Phân phối người dùng
Browse,浏览,Duyệt
BuCode,BU代码,Mã BU
BuName,BU,BU
Cancel,取消,Hủy bỏ
Check,审核,Duyệt
Clear,清空,Xóa
CompanyCode,厂区代码,Mã Công xưởng
CompanyName,厂区,Công xưởng
Create,创建,Tạo mới
Delete,删除,Xóa bỏ
DeptCode,部门代码,Mã phòng ban
DeptName,部门,Phòng ban
Desktop,我的桌面,Bàn làm việc của tôi
Detail,查看,Xem
Disable,不可用,Không khả dụng
DownTemplate,下载模版文件,Tải xuống tệp mẫu
Edit,修改,Chỉnh sửa
Email,邮箱,Email
Export,导出,Xuất ra
FunctionMenu,功能菜单,Menu chức năng
Icon,图标,Biểu tượng
Import,导入,Nhập vào
ImportFail,导入失败,文件不存在,Nhập thất bại, tệp không tồn tại
IsDefault,是否默认,Có mặc định không
JobName,职位,Chức vụ
LastLoginTime,最后登录时间,Thời gian đăng nhập cuối
LastLoginType,最后登录类型,Loại đăng nhập cuối
LeaveDate,离职日期,Ngày nghỉ việc
MenuTier,菜单层级,Cấp độ menu
ModifyCode,修改工号,Sửa đổi mã nhân viên 
ModifyName,修改人,Người chỉnh sửa
ModifyTime,修改时间,Thời gian chỉnh sửa
ModuleType,修改工号,Sửa đổi mã nhân viên 
Name,名称,Tên
Name_En,英文名称,Tên tiếng Anh
NoAnyChanges,没有任何数据改变,Không có bất kỳ dữ liệu nào thay đổi
NoData,数据不存在,Dữ liệu không tồn tại
NoDataChange,数据没有改变,Dữ liệu không thay đổi
OperationSuccess,操作成功,Thao tác thành công
ParentId,父Id,ID chính
Password,密码,Mật khẩu
PId,父节点,Nút chính
PlaseChooseToOperatingRecords,请选择要操作的记录,Vui lòng chọn bản ghi để thao tác
PrimaryRepeat,主键重复,Khóa chính trùng lặp
Query,查询,Tra cứu
RealName,姓名,Họ và tên
Refresh,刷新,Làm mới
Remark,备注,Ghi chú
Reply,返回,Quay lại
ResetPassword,重设密码,Đặt lại mật khẩu
RoleType,角色类型,Loại vai trò
Save,保存,Lưu
SaveFail,保存失败,Lưu thất bại
SaveSucceed,保存成功,Lưu thành công
Select,选择,Chọn
SetFail,设置失败,Cài đặt thất bại
SetSucceed,设置成功,Cài đặt thành công
SignOut,安全退出,Thoát an toàn
Sort,排序,Sắp xếp
State,状态,Trạng thái
SysCalendar,日程管理,Quản lý lịch trình
Telephone,电话,Điện thoại
Tip,提示,Gợi ý
TitleCategory,类别,Loại
TitleCreateBy,创建人,Người tạo
TitleCreatePerson,创建人,Người tạo
TitleCreateTime,创建时间,Thời gian tạo
TitleEnable,启用,Kích hoạt
TitleID,ID,ID
TitleIsDefault,默认,Mặc định
TitleModifyBy,修改人,Người chỉnh sửa
TitleModifyTime,修改时间,Thời gian chỉnh sửa
TitleName,名称,Tên
TitleRemark,说明,Giải thích
TitleSort,排序,Sắp xếp
TitleState,状态,Trạng thái
Tree,树形,Dạng cây
UnCheck,反审核,Hủy duyệt
UnCheckFail,反审核失败,Hủy duyệt thất bại
UnCheckSucceed,反审核成功,Hủy duyệt thành công
UnSelect,反选,Bỏ chọn
UpdateFail,更新失败,Cập nhật thất bại
UpdateSucceed,更新成功,Cập nhật thành công
Uploading,上传中...,Đang tải lên...
Url,网址,Địa chỉ trang web
UserCode,工号,Mã công nhân
UserInfo,个人信息,Thông tin cá nhân
YouWantToDeleteTheSelectedRecords,确定要删除所选择的记录吗？,Xác nhận muốn xóa các bản ghi đã chọn không?
_Loading,加载中,Đang tải...
_Login,登录,Đăng nhập
_LoginPwd,密码,Mật khẩu
_NextAutoLogin,7天内免登录,Không cần đăng nhập trong 7 ngày
_PleaseInputPwd,请输入密码,Vui lòng nhập mật khẩu
_PleaseInputUserName,请输入用户名,Vui lòng nhập tên người dùng
_RefreshValidationCode,刷新验证码,Làm mới mã xác nhận
_UserLogin,用户登录,Đăng nhập người dùng
_VerificationCode,验证码,Mã xác nhận
Join,加入,Tham gia
Remove,移除,Loại bỏ
ShiftOut,移出,Di chuyển ra ngoài
Details,明细,Chi tiết
UserName,用户名,Tên đăng nhập
Config,配置,Cấu hình
TitleText,质量管理系统,Hệ thống quản lý chất lượng
PlaseCheckToOperatingRecords,请勾选要操作的记录,Vui lòng chọn bản ghi để thao tác
SelectRowData,请至少选择一行数据,Vui lòng chọn ít nhất một dòng dữ liệu
GeneralConfirmation,确定要进行操作吗?,Xác nhận muốn thực hiện thao tác không?
ParmError,参数错误,Lỗi tham số
ChangePassword,修改密码,Đổi mật khẩu
SysTheme,系统主题,Chủ đề hệ thống
Examine,审批,Phê duyệt
Submit,提交,Gửi
YouWantToSubmitTheSelectedRecords,确定要提交所选择的记录吗？,Xác nhận muốn gửi các bản ghi đã chọn không?
Editor,编辑,Chỉnh sửa
IQCStorage_PlantCode,工厂,Công xưởng
IQCStorage_Code,库别,Loại kho
IQCStorage_Remark,库别说明,Mô tả loại kho
IQCStorage_WareHouseSys,仓库系统,Hệ thống kho hàng
IQCStorage_BadStorageCode,对应不良库别,Kho lỗi tương ứng
Close,关闭,Đóng
ImportData,导入数据,Nhập dữ liệu
IQCStorage_CodeAndRemark,库别|库别说明,Loại kho | Mô tả loại kho
ExportData,导出数据,Xuất dữ liệu
UploadFile,上传文件,Tải lên tệp
OrgList,组织,Tổ chức
IQCBadCategory_BadDefaultSize,默认尺寸不良,Lỗi kích thước mặc định
IQCBadCategory_TargetBadClass,目标不良分类,Phân loại lỗi mục tiêu
DownloadTemplate,下载模版文件,Tải xuống tệp mẫu
UploadTemplate,上传模版文件,Tải lên tệp mẫu
Template,模版文件,Tệp mẫu
IQCBadCategory_BadCode,不良代码,Mã lỗi
IQCBadCategory_Remark,不良描述,Mô tả lỗi
IQCBadCategory_IQCOrgName,组织,Tổ chức
IQCBadCategory_Tier,层级,Cấp bậc
IQCBadCategory_Sequence,排序,Sắp xếp
IQCBadCategory_Msg_3Level,只可创建3层数据,Chỉ tạo được 3 cấp dữ liệu
IQCBadCategory_Msg_RootXModify,Root不能被修改,Root không thể được chỉnh sửa
IQCBadCategory_Msg_RootXDelete,Root不能被删除,Root không thể bị xóa
IQCBadCategory_Msg_RootXOperate,Root不能进行操作,Root không thể thao tác
IQCBadCategory_Msg_Select2Level,请选择层级为2的数据行,Vui lòng chọn dòng dữ liệu cấp 2
IQCBadCategory_ParentID,父节点,Nút chính
IQCBadCategory_BindOrg,绑定组织,Liên kết tổ chức
Search,查询,Tra cứu
Plant,工厂,Công xưởng
IQCMatterMsg_MsgType,信息类型,Loại thông tin
IQCMatterMsg_ByMaterial,By物料,Theo vật liệu
IQCMatterMsg_ByVendor,By供应商,Theo nhà cung cấp
IQCMatterMsg_PartNo,料号,Mã liệu
IQCMatterMsg_Manufacturer,制造商,Nhà sản xuất
IQCMatterMsg_Vendor,供应商,Nhà cung cấp
IQCMatterMsg_Description,重要信息,Thông tin quan trọng
IQCMatterMsg_PartNoAndManuAndVendor,料号|制造商|供应商,Số vật liệu | Nhà sản xuất | Nhà cung cấp
IQCOrg_OrgID,组织ID,ID tổ chức
IQCOrg_OrgName,组织名称,Tên tổ chức
IQCOrg_ManageCode,主管工号,Mã nhân viên chủ quản
IQCOrg_ManageName,主管名称,Tên chủ quản
IQCOrg_ClientId,SAP客户端,Khách hàng SAP
IQCOrg_Sort,排序,Sắp xếp
IQCOrg_State,状态,Trạng thái
Enabled,启用,Kích hoạt
Disabled,禁用,Vô hiệu hóa
IQCOrg_BasicInfo,基础信息,Thông tin cơ bản
IQCOrg_Manage,主管,Chủ quản
IQCOrg_Role,组织角色,Vai trò tổ chức
IQCOrg_VendorRole,内部供应商角色,Vai trò nhà cung cấp nội bộ
IQCOrg_Remark,备注,Ghi chú
IQCOrg_SAPSetting,SAP配置,Cấu hình SAP
IQCOrg_AllPlant,所有工厂,Tất cả các công xưởng
IQCOrg_BasicSetting,基础配置,Cấu hình cơ bản
IQCOrg_LKDataAPI,立凯数据API,API dữ liệu LK
IQCOrg_ABGDataPostBack,ABG数据回传-功能测试数据,Dữ liệu thử nghiệm chức năng ABG
IQCOrg_CheckSetting,检验配置,Cấu hình kiểm tra
IQCOrg_MeasureMode,检验配置,Cấu hình kiểm tra
IQCOrg_VendorMsg,供应商信息,Thông tin nhà cung cấp
IQCOrg_LabTestItem,Lab检验项目,Hạng mục kiểm tra Lab
IQCOrg_LabAutoJudge,结果自动选定,Tự động chọn kết quả
IQCOrg_Lab,实验室,Phòng thí nghiệm
IQCOrg_WhenFail,不合格时,Thời gian không đạt yêu cầu
IQCOrg_DefaultInventoryType,默认库存类型,Loại kho mặc định
IQCOrg_TestItem,检验项目,Hạng mục kiểm tra
IQCOrg_DefaultResult,默认选择结果,Kết quả chọn mặc định
IQCOrg_GenExceptionTrace,生成异常追踪,Tạo theo dõi bất thường
IQCOrg_ExceptionTrace,异常追踪,Theo dõi bất thường
IQCOrg_PendingDaily,待处理每日,Cần xử lý hàng ngày
IQCOrg_ContainSpecialPick,包含特采,Bao gồm đặc cách
IQCOrg_NotIncludeSpecialPick,不包含特采,Không bao gồm đặc cách
IQCOrg_SendEmail,发送邮件,Gửi email
IQCOrg_NotSendEmail,不发送邮件,Không gửi email
IQCOrg_SIPSetting,SIP配置,Cấu hình SIP
IQCOrg_StructurePic,结构样图片,Hình ảnh mẫu cấu trúc
IQCOrg_Mandatory,必填,Bắt buộc nhập
IQCOrg_Optional,不必填,Không bắt buộc nhập
IQCOrg_MaterialConfig,物料配置,Cấu hình vật liệu
IQCOrg_Device,机种,Dòng máy
IQCOrg_Manufacturer,显示制造商,Hiển thị nhà sản xuất
Yes,是,Có
No,否,Không
IQCOrg_PLMDrawVer,PLM图纸版本,Phiên bản bản vẽ PLM
IQCOrg_ShowLatestOnly,只显示最新,Chỉ hiển thị mới nhất
IQCOrg_ShowAll,显示所有,Hiển thị tất cả
IQCEmailGroup_Msg_PressEnter,输入机种然后按回车键,Nhập dòng máy và nhấn phím Enter
IQCEmailGroup_IQCOrgName,组织,Tổ chức
IQCEmailGroup_State,状态,Trạng thái
IQCEmailGroup_EmailGroupName,邮件组名,Tên nhóm email
IQCEmailGroup_ActivityType,活动类型,Loại hoạt động
IQCEmailGroup_TimeOutHour,超时数,Số lần quá hạn
IQCEmailGroup_MachineType,机种,Dòng máy
IQCEmailGroup_ReturnDefine,批退定义,Định nghĩa trả lại hàng loạt
IQCEmailGroup_ReturnRate,批退率大于,Tỷ lệ trả lại lớn hơn
IQCEmailGroup_EmailAddress,邮件地址,Địa chỉ email
IQCEmailGroup_Msg_EmailFormat1,多个邮件地址，,Nhiều địa chỉ email
IQCEmailGroup_Msg_EmailFormat2,请以,Vui lòng sử dụng
IQCEmailGroup_Msg_EmailFormat3,(分号)隔开,Dấu chấm phẩy
IQCStaff_All,所有,Tất cả
IQCStaff_NotJoin,未加入,Chưa thêm
IQCStaff_Role,角色,Vai trò
IQCStaff_CurrentOrg,当前操作组织,Tổ chức thao tác hiện tại
IQCStaff_BUName,所属Bu,Thuộc BU
IQCStaff_DeptName,部门名称,Tên phòng ban
IQCStaff_UserName,姓名,Họ và tên
IQCStaff_Msg_Delimited,多个工号按,分割,Nhiều mã công nhân ngăn cách bằng dấu phẩy (,)
IQCStaff_Remove,移出,Di chuyển ra ngoài
IQCStaff_BatchUpdateRole,批量修改角色,Chỉnh sửa vai trò hàng loạt
IQCStaff_BatchUpdatePlant,批量修改工厂,Chỉnh sửa Công xưởng hàng loạt
IQCStaff_StaffNo,工号,Mã công nhân
IQCStaff_StaffName,姓名,Họ và tên
IQCStaff_JobName,职位,Chức vụ
IQCStaff_IsJob,在职,Đang làm việc
IQCStaff_OrgName,所属组织,Tổ chức trực thuộc
IQCStaff_ClientName,集团,Tập đoàn
IQCStaff_Dept,所属部门,Phòng ban trực thuộc
IQCStaff_IQCSAPWerks,工厂,Công xưởng
IQCStaff_FollowOrg,跟随组织,Theo tổ chức
IQCStaff_Msg_SelectOrg,请选择操作组织,Vui lòng chọn tổ chức thao tác
IQCStaff_BatchUpdate,批量修改,Chỉnh sửa hàng loạt
IQCStaff_Update,修改,Chỉnh sửa
IQCStaff_Name,名称,Tên
IQCStaff_Desc,描述,Mô tả
IQCStaff_Msg_AllRight,IQC管理员有全部权限,不能调整角色,Quản trị viên IQC có toàn quyền, không thể chỉnh sửa vai trò
IQCStaff_PlantFollowOrg,工厂跟随组织,Công xưởng theo tổ chức
IQCStaff_NewPassword,设置新密码,Đặt mật khẩu mới
IQCStaff_PasswordRule,密码规则,Quy tắc mật khẩu
IQCStaff_Msg_PasswordRule,数字、大写字母、小写字母、符号至少包含3种，且长度不少于14位,Chứa ít nhất 3 loại: số, chữ hoa, chữ thường, ký hiệu và độ dài không dưới 14 ký tự
IQCStaff_Msg_NoPassword,不设置新密码,不需要填,Không đặt mật khẩu mới, không cần điền
IQCStaff_IQCOrg,IQC组织,Tổ chức IQC
IQCStaff_SAPPlant,SAP工厂,Công xưởng SAP
IQCModel_Plant,工厂,Công xưởng
IQCModel_Model,机种,Dòng máy
IQCModel_ModelDesc,机种描述,Mô tả dòng máy
IQCModel_ModifyName,修改人,Người chỉnh sửa
IQCModel_ModifyTime,修改时间,Thời gian chỉnh sửa
IQCModel_Status,状态,Trạng thái
IQCModel_ModelAndDesc,机种|机种描述,Dòng máy | Mô tả dòng máy
IQCModel_CustomerModel,客户机种,Dòng máy khách hàng
IQCMatManage_NoCategory,无类别名称,Không có tên loại
IQCMatManage_CategoryDesc,类别名称,Tên loại
IQCMatManage_Plant,工厂,Công xưởng
IQCMatManage_Material,料号,Mã liệu
IQCMatManage_Organization,集团,Tập đoàn
IQCMatManage_Mtart,类型,Loại
IQCMatManage_ZZCate,类别代码,Mã loại
IQCMatManage_ManufacturerName,制造商名称,Tên nhà sản xuất
IQCMatManage_SIPNo,SIP编号,Số SIP
IQCMatManage_MachineType,机种,Dòng máy
IQCMatManage_RiskLevel,风险等级,Cấp độ rủi ro
IQCMatManage_ModifyName,修改人,Người chỉnh sửa
IQCMatManage_ModifyTime,修改时间,Thời gian chỉnh sửa
IQCMatManage_UpdateTime,更新时间,Thời gian cập nhật
IQCMatManage_MaterialType,材料类型,Loại vật liệu
IQCMatManage_NotMaintain,未维护,Chưa được bảo trì
IQCMatManage_Maintain,已维护,Đã được bảo trì
IQCMatManage_CreateSIP,创建SIP,Tạo SIP
IQCMatManage_DownloadTemplate,下载空模版文件,Tải xuống tệp mẫu trống
IQCMatManage_UploadFile,上传导入文件,Tải lên tệp 
IQCMatManage_Status,状态,Trạng thái
IQCMatManage_Message,信息,Thông tin
IQCMatManage_MaterialInfo,物料信息,Thông tin vật liệu
IQCMatManage_AddTime,添加时间,Thời gian thêm vào
IQCMatManage_Manufacturer,制造商,Nhà sản xuất
IQCMatManage_ManufacturerPart,制造商料号,Mã liệu của nhà sản xuất
IQCMatManage_MaterialDesc,物料描述,Mô tả vật liệu
IQCMatManage_ZZGfto,环保标识,Ký hiệu bảo vệ môi trường
IQCMatManage_Remark,备注,Ghi chú
IQCMatManage_PLMDrawing,PLM图纸,Bản vẽ PLM
IQCMatManage_SAPCredential,设置SAP账号密码,Thiết lập tài khoản và mật khẩu SAP
IQCMatManage_AccountRight,账号需具有cv03n权限,Tài khoản cần có quyền cv03n
IQCMatManage_DocumentNo,文档编号,Số hiệu tài liệu
IQCMatManage_DocumentVer,版本,Phiên bản
IQCMatManage_DocumentDesc,文档描述,Mô tả tài liệu
IQCMatManage_DocumentDetail,文档详情,Chi tiết tài liệu
IQCMatManage_RecordNotFound,未查询到数据,Không tìm thấy dữ liệu
IQCMatManage_Msg,请检查账号密码是否正确，如都正确您可能没有权限查看该内容,Vui lòng kiểm tra xem tài khoản và mật khẩu đã chính xác chưa, nếu đã đúng bạn có thể không có quyền truy cập nội dung này
IQCSIPVer_Plant,SAP工厂,Công xưởng SAP
IQCSIPVer_MaterialNo,料号,Mã liệu
IQCSIPVer_SPINo,SIP编号,SIP số hiệu
IQCSIPVer_Version,版本,Phiên bản
IQCSIPVer_VersionRemark,版本备注,Ghi chú phiên bản
IQCSIPVer_Status,状态,Trạng thái
IQCSIPVer_ModifyName,操作人,Người thực hiện
IQCSIPVer_ModifyTime,修改时间,Thời gian chỉnh sửa
IQCSIPVer_Remark,备注,Ghi chú
IQCSIPVer_MaterialAndSIPNo,料号|SIP编号,Mã liệu | SIP số hiệu
IQCSIPVer_DetailVersion,细册版本,Phiên bản chi tiết
IQCSIPByLaw_SIPNo,SIP编号,SIP số hiệu
IQCSIPByLaw_Plant,工厂,Công xưởng
IQCSIPByLaw_MaterialNo,料号,Mã liệu
IQCSIPByLaw_MaterialDesc,物料描述,Mô tả vật liệu
IQCSIPByLaw_MachineType,机种,Loại máy
IQCSIPByLaw_CategoryCode,类别代码,Mã loại
IQCSIPByLaw_CategoryName,类别名称,Tên loại
IQCSIPByLaw_Draft,草稿,Bản nháp
IQCSIPByLaw_Pending,待审核,Chờ phê duyệt
IQCSIPByLaw_Reject,驳回,Bị từ chối
IQCSIPByLaw_Approve,通过,Được thông qua
IQCSIPByLaw_OpDate,发行日期,Ngày phát hành
IQCSIPByLaw_OpName,发行者,Người phát hành
IQCSIPByLaw_Version,版本,Phiên bản
IQCSIPByLaw_Activity,活动,Hoạt động
IQCSIPByLaw_PartsDrawVersion,零件图版本,Phiên bản bản vẽ linh kiện
IQCSIPByLaw_Signer,签核人,Người ký duyệt
IQCSIPByLaw_Auditor,审核人,Người phê duyệt
IQCSIPByLaw_AuditDate,审核日期,Ngày phê duyệt
IQCSIPByLaw_Create,创建,Tạo mới
IQCSIPByLaw_ShowAllVersion,显示所有版本,Hiển thị tất cả các phiên bản
IQCSIPByLaw_NotPass,未通过,Không đạt
IQCSIPByLaw_SIPNoAndMatAndModel,SIP编号|料号|机种|发行者|零件图版本,SIP số hiệu | Mã liệu | Loại máy | Người phát hành | Phiên bản bản vẽ linh kiện
Copy,复制,Sao chép
Update,更新版本,Cập nhật phiên bản
IQCSIPByLaw_CopyPlant,被复制工厂,Công xưởng được sao chép
IQCSIPByLaw_CopyMaterial,被复制料号,Mã liệu được sao chép
Confirm,确认,Xác nhận
IQCSIPByLaw_Category,物料类别,Loại vật liệu
IQCSIPByLaw_Inherit,继承总则,Kế thừa quy định chung
IQCSIPByLaw_ApprovalRemark,审核备注,Ghi chú phê duyệt
IQCSIPByLaw_Status,状态,Trạng thái
IQCSIPByLaw_SIPType,SIP类型,Loại SIP
IQCSIPByLaw_Manufacturer,制造商,Nhà sản xuất
IQCSIPByLaw_ManufacturerPart,制造商料号,Mã liệu của nhà sản xuất
IQCSIPByLaw_Remark,备注,Ghi chú
IQCSIPByLaw_VerRemark,版本备注,Ghi chú phiên bản
IQCSIPByLaw_StructurePic,结构样图片,Hình ảnh mẫu cấu trúc
IQCSIPByLaw_DefaultItem,默认项目,Dự án mặc định
IQCSIPByLaw_No,序号,Số thứ tự
IQCSIPByLaw_TestItem,检验项目,Hạng mục kiểm tra
IQCSIPByLaw_TestCondition,检验条件,Điều kiện kiểm tra
IQCSIPByLaw_JudgeStandard,判定标准,Tiêu chuẩn đánh giá
IQCSIPByLaw_ItemSetting,项目设定,Thiết lập hạng mục
IQCSIPByLaw_BadDefinition,不良定义,Định nghĩa lỗi
IQCSIPByLaw_TestEquipment,检验设备,Thiết bị kiểm tra
IQCSIPByLaw_DocumentList,文件列表,Danh sách tệp
IQCSIPByLaw_CheckType,检验类型,Loại kiểm tra
IQCSIPByLaw_CheckRole,检验角色,Vai trò kiểm tra
IQCSIPByLaw_VisualInspection,外观检验,Kiểm tra ngoại quan
IQCSIPByLaw_MeasInspection,量测检验,Kiểm tra đo lường
IQCSIPByLaw_LowerLimit,下限,Giới hạn dưới
IQCSIPByLaw_UpperLimit,上限,Giới hạn trên
IQCSIPByLaw_AQLNumber,抽样数量,Số lượng lấy mẫu
IQCSIPByLaw_Standard,标准值,Giá trị tiêu chuẩn
IQCSIPByLaw_Unit,单位,Đơn vị
IQCSIPByLaw_FunctionalTest,功能检验,Kiểm tra chức năng
IQCSIPByLaw_SamplingMethod,抽样方式,Phương thức lấy mẫu
IQCSIPByLaw_OtherInspection,其他检验,Kiểm tra khác
IQCSIPByLaw_LabTestItem,Lab检验项目,Hạng mục kiểm tra Lab
IQCSIPByLaw_Vendor,供应商,Nhà cung cấp
IQCSIPByLaw_TestOrderNo,送测单号,Số đơn gửi kiểm tra
IQCSIPByLaw_SendQty,送测数量,Số lượng gửi kiểm tra
IQCSIPByLaw_Cycle,频率,Tần suất
IQCSIPByLaw_HistoryVersion,历史版本,Lịch sử phiên bản
IQCSIPByLaw_Action,操作,Thao tác
IQCSIPByLaw_Node,节点流程,Quy trình nút
IQCSIPByLaw_UploadPic,上传图片,Tải lên hình ảnh
IQCSIPByLaw_ExportItem,导出项目,Xuất dự án
IQCSIPByLaw_ImportItem,导入项目,Nhập dự án
IQCSIPByLaw_ImportItemByMaterial,按料号导入项目,Nhập dự án theo Mã liệu
IQCSIPByLaw_Add,添加,Thêm mới
IQCSIPByLaw_GeneralPrinciple,总则,Quy định chung
IQCSIPByLaw_ItemName,项目名称,Tên hạng mục
IQCSIPByLaw_UpperAndLowerLimit,上下限,Giới hạn trên dưới
IQCSIPByLaw_ActionLog,操作日志,Nhật ký thao tác
IQCSIPByLaw_SaveDraft,保存草稿,Lưu nháp
IQCSIPByLaw_Detail,细则,Quy định chi tiết
IQCSIPByLaw_Delete,删除,Xóa
IQCSIPByLaw_UploadFile,附件,Tệp đính kèm
IQCSIPByLaw_StandardRatio,标准比,Tỉ lệ tiêu chuẩn
IQCSIPByLaw_Ratio,比率,Tỉ lệ
IQCSIPByLaw_Other,其它,Khác
IQCSIPByLaw_DownloadTemplate,下载模版文件,Tải xuống tệp mẫu
IQCSIPByLaw_Template,模版文件,Tệp mẫu
IQCSIPByLaw_UploadTemplate,上传模版文件,Tải lên tệp mẫu
IQCSIPByLaw_UploadMode,上传模式,Chế độ tải lên
IQCSIPByLaw_Overwrite,覆盖,Ghi đè
IQCSIPByLaw_Append,追加,Thêm vào
IQCSendTestItem_Organization,组织,Tổ chức
IQCSendTestItem_ItemName,项目名称,Tên hạng mục
IQCSendTestItem_ModifyName,操作人,Người thực hiện
IQCSendTestItem_ModifyTime,操作时间,Thời gian thao tác
IQCSendTestItem_OrgAndItem,组织|项目,Tổ chức | Hạng mục
IQCSendTestItem_SendTestItemSetting,送测项目设置,Thiết lập hạng mục gửi kiểm tra
IQCSendTestCheckFunc_Organization,组织,Tổ chức
IQCSendTestCheckFunc_ItemName,项目名称,Tên hạng mục
IQCSendTestCheckFunc_CheckFunc,检验方法,Phương pháp kiểm tra
IQCSendTestChecKFunc_ModifyName,操作人,Người thực hiện
IQCSendTestCheckFunc_ModifyTime,操作时间,Thời gian thao tác
IQCSendTestCheckFunc_ItemAndCheckFunc,项目|检验方法,Hạng mục | Phương pháp kiểm tra
IQCSendTestCheckFunc_ItemCheckFunc,项目检验方法,Phương pháp kiểm tra hạng mục
IQCSendTest_LastTestNo,上次测试单号,Số đơn kiểm tra lần trước
IQCSendTest_LastTestTime,最后送测时间,Thời gian gửi kiểm tra cuối cùng
IQCSendTest_NotifyTime,提醒时间,Thời gian nhắc nhở
IQCSendTest_NextTestTime,下次送测时间,Thời gian gửi kiểm tra tiếp theo
IQCSendTest_ReturnTestNo,返回测试单号,Số đơn kiểm tra trả về
IQCSendTest_SendTestCode,操作人,Người thực hiện
IQCSendTest_SendTestTime,操作时间,Thời gian thao tác
IQCSendTest_DownloadTemplate,下载模版文件,Tải xuống tệp mẫu
IQCSendTest_Template,模版文件,Tệp mẫu
IQCSendTest_UploadFile,上传模版文件,Tải lên tệp mẫu
IQCSendTest_SendType,送测类型,Loại gửi kiểm tra
IQCSendTest_Plant,工厂,Công xưởng
IQCSendTest_ItemName,项目名称,Tên hạng mục
IQCSendTest_CheckFunc,检验方法,Phương pháp kiểm tra
IQCSendTest_SendTypeData,料号/类别,Mã liệu / Loại
IQCSendTest_Inherit,继承,Kế thừa
IQCSendTest_Vendor,供应商账号,Tài khoản nhà cung cấp
IQCSendTest_ApplyCode,当前生效单号,Số đơn hiện tại có hiệu lực
IQCSendTest_Frequency,频率,Tần suất
IQCSendTest_SendQty,样品数,Số lượng mẫu
IQCSendTest_TestOrgranization,检验机构,Cơ quan kiểm tra
IQCSendTest_Status,状态,Trạng thái
IQCSendTest_ModifyName,修改人,Người chỉnh sửa
IQCSendTest_ModifyTime,修改时间,Thời gian chỉnh sửa
IQCSendTest_TestLog,送测日志,Nhật ký gửi kiểm tra
IQCSendTest_BatchImport,批量导入,Nhập liệu hàng loạt
IQCSendTest_Organization,集团,Tập đoàn
IQCSendTest_NotifyDate,提醒日期,Ngày nhắc nhở
IQCSendTest_MaterialNo,料号,Mã liệu
IQCSendTest_MaterialTypeAndOrderNoAndVendor,物料类别|生效单号|供应商,Loại vật liệu | Số đơn có hiệu lực | Nhà cung cấp
IQCSendTest_SendTest,送测,Gửi kiểm tra
IQCSendTest_Log,日志,Nhật ký
IQCSendTest_MaterialInfo,物料信息,Thông tin vật liệu
IQCSendTest_SendTestSetting,送测设置,Cài đặt gửi kiểm tra
IQCSendTest_View,查看,Xem
IQCSendTest_Category,类别代码,Mã loại
IQCSendTest_Cycle,送测周期,Chu kỳ gửi kiểm tra
IQCSendTest_Warning,提前预警,Cảnh báo trước
IQCSendTest_VendorFrequency,供应商报告有效,Báo cáo nhà cung cấp còn hiệu lực
IQCSendTest_VendorWarning,供应商提前预警,Cảnh báo trước từ nhà cung cấp
IQCSendTest_FrequencySetting,频率设置,Thiết lập tần suất
IQCSendTest_NextApplyCode,提前送测单号,Số đơn gửi kiểm tra trước
IQCSendTest_WarningTime,预警时间,Thời gian cảnh báo
IQCSIPCommon_Plant,工厂,Công xưởng
IQCSIPCommon_SIPNo,SIP编号,Số hiệu SIP
IQCSIPCommon_Category,物料类别,Loại vật liệu
IQCSIPCommon_MaterialNo,料号,Mã liệu
IQCSIPCommon_Inherit,继承总则,Kế thừa quy định chung
IQCSIPCommon_OpDate,发行日期,Ngày phát hành
IQCSIPCommon_OpName,发行者,Người phát hành
IQCSIPCommon_Version,版本,Phiên bản
IQCSIPCommon_Signer,签核人,Người ký duyệt
IQCSIPCommon_Remark,备注,Ghi chú
IQCSIPCommon_Status,审核状态,Trạng thái phê duyệt
IQCSIPCommon_Draft,草稿,Bản nháp
IQCSIPCommon_Pending,待审核,Chờ phê duyệt
IQCSIPCommon_Reject,驳回,Bị từ chối
IQCSIPCommon_Approve,通过,Được thông qua
IQCSIPCommon_Activity,活动,Hoạt động
IQCSIPCommon_PartsDrawVer,零件图版本,Phiên bản bản vẽ linh kiện
IQCSIPCommon_Auditor,审核人,Người phê duyệt
IQCSIPCommon_AuditDate,审核日期,Ngày phê duyệt
IQCSIPCommon_Create,创建,Tạo mới
IQCSIPCommon_Copy,复制,Sao chép
IQCSIPCommon_ShowAllVersion,显示所有版本,Hiển thị tất cả các phiên bản
IQCSIPCommon_NotPass,未通过,Không đạt
IQCSIPCommon_SIPNoAndPublisherAndPartDrawVer,SIP编号|发行者|零件图版本,Số hiệu SIP | Người phát hành | Phiên bản bản vẽ linh kiện
IQCSIPCommon_UpdateVersion,更新版本,Cập nhật phiên bản
IQCSIPCommon_FromPlant,被复制工厂,Công xưởng được sao chép
IQCSIPCommon_FromCategory,被复制类别,Loại được sao chép
IQCSIPCommon_Confirm,确认,Xác nhận
IQCSIPCommon_SIPType,SIP类型,Loại SIP
IQCSIPCommon_VersionRemark,版本备注,Ghi chú phiên bản
IQCSIPCommon_DefaultItem,默认项目,Dự án mặc định
IQCSIPCommon_No,序号,Số thứ tự
IQCSIPCommon_TestItem,检验项目,Hạng mục kiểm tra
IQCSIPCommon_TestCondition,检验条件,Điều kiện kiểm tra
IQCSIPCommon_JudgeStandard,判定标准,Tiêu chuẩn đánh giá
IQCSIPCommon_ItemSetting,项目设定,Thiết lập hạng mục
IQCSIPCommon_BadDefinition,不良定义,Định nghĩa lỗi
IQCSIPCommon_TestEquipment,检验设备,Thiết bị kiểm tra
IQCSIPCommon_DocumentList,文件列表,Danh sách tệp
IQCSIPCommon_CheckType,检验类型,Loại kiểm tra
IQCSIPCommon_CheckRole,检验角色,Vai trò kiểm tra
IQCSIPCommon_VisualInspection,外观检验,Kiểm tra ngoại quan
IQCSIPCommon_MeasInspection,量测检验,Kiểm tra đo lường
IQCSIPCommon_LowerLimit,下限,Giới hạn dưới
IQCSIPCommon_UpperLimit,上限,Giới hạn trên
IQCSIPCommon_AQLNumber,抽样数量,Số lượng lấy mẫu
IQCSIPCommon_StandardValue,标准值,Giá trị tiêu chuẩn
IQCSIPCommon_Unit,单位,Đơn vị
IQCSIPCommon_FunctionalTest,功能检验,Kiểm tra chức năng
IQCSIPCommon_SamplingMethod,抽样方式,Phương thức lấy mẫu
IQCSIPCommon_OtherInspection,其他检验,Kiểm tra khác
IQCSIPCommon_LabTestItem,Lab检验项目,Hạng mục kiểm tra Lab
IQCSIPCommon_Vendor,供应商,Nhà cung cấp
IQCSIPCommon_TestOrder,送测单号,Số đơn gửi kiểm tra
IQCSIPCommon_SendQty,送测数量,Số lượng gửi kiểm tra
IQCSIPCommon_Cycle,频率,Tần suất
IQCSIPCommon_HistoryVersion,历史版本,Lịch sử phiên bản
IQCSIPCommon_OperationLog,操作日志,Nhật ký thao tác
IQCSIPCommon_Action,操作,Thao tác
IQCSIPCommon_Node,节点流程,Quy trình nút
IQCSIPCommon_ImportItem,导入项目,Nhập dự án
IQCSIPCommon_ExportItem,导出项目,Xuất dự án
IQCSIPCommon_SaveDraft,保存草稿,Lưu nháp
IQCSIPCommon_Submit,提交,Gửi đi
IQCSIPCommon_GeneralPrinciple,总则,Quy định chung
IQCSIPCommon_ItemName,项目名称,Tên hạng mục
IQCSIPCommon_UpperAndLowerLimit,上下限,Giới hạn trên dưới
IQCSIPCommon_StandardRatio,标准比,Tỉ lệ tiêu chuẩn
IQCSIPCommon_Ratio,比率,Tỉ lệ
IQCSIPCommon_Other,其它,Khác
IQCSIPCommon_DownloadTemplate,下载模版文件,Tải xuống tệp mẫu
IQCSIPCommon_Template,模版文件,Tệp mẫu
IQCSIPCommon_UploadFile,上传模版文件,Tải lên tệp mẫu
IQCSIPCommon_UploadMode,上传模式,Chế độ tải lên
IQCSIPCommon_Overwrite,覆盖,Ghi đè
IQCSIPCommon_Append,追加,Thêm vào
IQCAQLC0_BeginQty,起始数,Số bắt đầu
IQCAQLC0_EndQty,截止数,Số kết thúc
IQCAQLC0_SampleSize,检验数,Số lượng kiểm tra
IQCAQLC0_AQL,AQL,AQL
IQCAQLC0_AC,AC数量,Số lượng AC
IQCAQLC0_RE,RE数量,Số lượng RE
IQCAQLC0_NormalInspection,正常检验,Kiểm tra bình thường
IQCAQLC0_ReduceInspection,减量检验,Kiểm tra giảm
IQCAQLC0_TightInspection,加严检验,Kiểm tra tăng cường
IQCAQLC0_NoInspection,免检,Miễn kiểm tra
IQCAQLC0_View,查看,Xem
IQCAQL_BeginQty,起始数,Số bắt đầu
IQCAQL_EndQty,截止数,Số kết thúc
IQCAQL_SampleSize,检验样本数,Số lượng mẫu kiểm tra
IQCAQL_AQL,AQL,AQL
IQCAQL_AC,AC数量,Số lượng AC
IQCAQL_RE,RE数量,Số lượng RE
IQCAQL_NormalInspection,正常检验,Kiểm tra thông thường
IQCAQL_ReduceInspection,减量检验,Kiểm tra giảm thiểu
IQCAQL_TightInspection,加严检验,Kiểm tra tăng cường
IQCAQL_NoInspection,免检,Miễn kiểm tra
IQCAQL_View,查看,Xem
IQCAQL_Sort,编码,Mã hóa
IQCAQL_InspectLevel,检验水准,Mức kiểm tra
IQCSamplePlanStatus_Plant,厂区,Khu vực Công xưởng
IQCSamplePlanStatus_Material,料号,Mã liệu
IQCSamplePlanStatus_Factory,供应商代码,Mã nhà cung cấp
IQCSamplePlanStatus_FactoryName,制造商,Nhà sản xuất
IQCSamplePlanStatus_SampleCheckType,抽样方式,Phương thức lấy mẫu
IQCSamplePlanStatus_ExemptionDay,免检时效/天,Thời hạn miễn kiểm tra / ngày
IQCSamplePlanStatus_ExemptionLot,免检时效/批,Thời hạn miễn kiểm tra / lô
IQCSamplePlanStatus_Remark,备注,Ghi chú
IQCSamplePlanStatus_ModifyName,修改人,Người chỉnh sửa
IQCSamplePlanStatus_ModifyTime,修改时间,Thời gian chỉnh sửa
IQCSamplePlanStatus_Status,状态,Trạng thái
IQCSamplePlanStatus_Approver,审核人员,Người phê duyệt
IQCSamplePlanStatus_ApprovalTime,审核时间,Thời gian phê duyệt
IQCSamplePlanStatus_ViewLog,查看日志,Xem nhật ký
IQCSamplePlanStatus_Submit,提交,Gửi đi
IQCSamplePlanStatus_PleaseInputValue,请输入数值,Vui lòng nhập giá trị số
IQCSamplePlanStatus_WrongData,数据选择错误,Lỗi chọn dữ liệu
IQCSamplePlanStatus_PleaseInputExemption,请输入免检时效 /天 or /批,Vui lòng nhập thời hạn miễn kiểm tra / ngày hoặc / lô
IQCCheckSQE_IQCNo,IQC单号,Số IQC
IQCCheckSQE_IQCType,类型,Loại hình
IQCCheckSQE_Plant,工厂,Công xưởng
IQCCheckSQE_MaterialNo,料号,Mã liệu
IQCCheckSQE_Vendor,供应商,Nhà cung cấp
IQCCheckSQE_VendorName,供应商名称,Tên nhà cung cấp
IQCCheckSQE_Manufacturer,制造商,Nhà sản xuất
IQCCheckSQE_CheckQty,来料数量,Số lượng nguyên liệu nhập
IQCCheckSQE_SampleQty,抽样数量,Số lượng lấy mẫu
IQCCheckSQE_Status,状态,Trạng thái
IQCCheckSQE_CheckResult,检验结果,Kết quả kiểm tra
IQCCheckSQE_AppointAuditName,指派处理人,Chỉ định người xử lý
IQCCheckSQE_AddName,创建人,Người tạo
IQCCheckSQE_AddTime,创建时间,Thời gian tạo
IQCCheckSQE_View,查看,Xem
IQCCheckSQE_AppointSQE,指派处理人,Chỉ định người xử lý
IQCCheckSQE_IQCNoAndMaterialAndVendorAndManufacturer,IQC单号|料号|供应商|制造商,Số IQC | Mã liệu | Nhà cung cấp | Nhà sản xuất
IQCAutoGRMaintain_Plant,工厂,Công xưởng
IQCAutoGRMaintain_CheckNo,检验批号,Số lô kiểm tra
IQCAutoGRMaintain_CheckQty,来料数量,Số lượng nguyên liệu nhập
IQCAutoGRMaintain_MaterialNo,料号,Mã liệu
IQCAutoGRMaintain_Vendor,供应商,Nhà cung cấp
IQCAutoGRMaintain_Manufacturer,制造商,Nhà sản xuất
IQCAutoGRMaintain_GRN,收货单,Đơn nhận hàng
IQCAutoGRMaintain_CreateTime,建批时间,Thời gian tạo lô
IQCAutoGRMaintain_CheckMethod,检验方式,Phương thức kiểm tra
IQCAutoGRMaintain_StockIn,入库,Nhập kho
IQCAutoGRMaintain_Operator,操作人,Người thao tác
IQCAutoGRMaintain_OperationTime,操作时间,Thời gian thao tác
IQCAutoGRMaintain_StockList,入库列表,Danh sách nhập kho
IQCAutoGRMaintain_All,所有,Tất cả
IQCAutoGRMaintain_NotStockIn,未入库,Chưa nhập kho
IQCAutoGRMaintain_CheckNoAndMaterialAndGRN,检验批|料号|收货单|制造商|供应商,Lô kiểm tra | Mã liệu | Đơn nhận hàng | Nhà sản xuất | Nhà cung cấp
IQCAutoGRMaintain_Qty,数量,Số lượng
IQCAutoGRMaintain_Status,状态,Trạng thái
IQCSamplePlanSTS_CheckNo,检验批号,Số lô kiểm tra
IQCSamplePlan_Status,状态,Trạng thái
IQCSamplePlan_SAPPlant,SAP工厂,Công xưởng SAP
IQCSamplePlan_MaterialNo,料号,Mã liệu
IQCSamplePlan_Vendor,供应商,Nhà cung cấp
IQCSamplePlan_GRN,收货单,Đơn nhận hàng
IQCSamplePlan_CheckQty,来料数量,Số lượng nguyên liệu đến
IQCSamplePlan_CreateTime,批此创建时间,Thời gian tạo lô
IQCSamplePlan_Accept,一键允收,Duyệt nhập hàng nhanh
IQCSamplePlan_Plant,工厂,Công xưởng
IQCSamplePlan_StockInLot,可入库批次,Lô có thể nhập kho
IQCSamplePlan_ChecKExpiry,检验过期,Hết hạn kiểm tra
IQCSamplePlan_ReliabilityExpiry,可靠性过期,Hết hạn độ tin cậy
IQCBatchSizeFile_Plant,工厂,Công xưởng
IQCBatchSizeFile_CheckNo,检验批号,Số lô kiểm tra
IQCBatchSizeFile_MaterialNo,料号,Mã liệu
IQCBatchSizeFile_Description,描述,Mô tả
IQCBatchSizeFile_Manufacturer,制造商,Nhà sản xuất
IQCBatchSizeFile_CreateTime,批次创建时间,Thời gian tạo lô
IQCBatchSizeFile_Operator,操作人,Người thao tác
IQCBatchSizeFile_OperationTime,操作时间,Thời gian thao tác
IQCBatchSizeFile_LotAndMaterialAndManu,批次号|料号|制造商|物料名称,Số lô | Mã liệu | Nhà sản xuất | Tên vật liệu
IQCBatchSizeFile_Remark,备注,Ghi chú
IQCBatchSizeFile_Attachment,附件,Tệp đính kèm
IQCBatchSizeFile_AttachmentName,附件名称,Tên tệp đính kèm
IQCBatchSizeFile_BatchSizeFile,批次尺寸附件信息,Thông tin tệp đính kèm kích thước lô
IQCBatchSizeFile_BatchSizeFileSetting,批次尺寸附件设置,Cài đặt tệp đính kèm kích thước lô
IQCBatchSizeFile_AddAttachment,添加附件,Thêm tệp đính kèm
IQCBatchSizeFile_No,序号,Số thứ tự
IQCBatchSizeFile_FileName,附件名称,Tên tệp đính kèm
IQCBatchSizeFile_Action,操作,Thao tác
IQCBatchSizeFile_UploadFile,上传文件,Tải lên tệp
IQCMaterialErrorTrace_Pass,通过,Được thông qua
IQCMaterialErrorTrace_Reject,驳回,Bị từ chối
IQCMaterialErrorTrace_Close,关闭,Đóng
IQCMaterialErrorTrace_IQCNo,IQC单号,Số IQC
IQCMaterialErrorTrace_ChecKResult,检验结果,Kết quả kiểm tra
IQCMaterialErrorTrace_CreateDate,发生日期,Ngày xảy ra
IQCMaterialErrorTrace_Plant,工厂,Công xưởng
IQCMaterialErrorTrace_MaterialNo,料号,Mã liệu
IQCMaterialErrorTrace_Description,物料描述,Mô tả vật liệu
IQCMaterialErrorTrace_Manufacturer,制造商,Nhà sản xuất
IQCMaterialErrorTrace_BatchNo,材料生产批号,Số lô sản xuất vật liệu
IQCMaterialErrorTrace_ProduceDate,材料生产日期,Ngày sản xuất vật liệu
IQCMaterialErrorTrace_Stage,阶段,Giai đoạn
IQCMaterialErrorTrace_Status,状态,Trạng thái
IQCMaterialErrorTrace_ToBeAssign,待指派,Chờ phân công
IQCMaterialErrorTrace_Pending,待处理,Chờ xử lý
IQCMaterialErrorTrace_PendingReview,待审核,Chờ phê duyệt
IQCMaterialErrorTrace_Designee,指派人,Người được phân công
IQCMaterialErrorTrace_Auditor,审核人,Người phê duyệt
IQCMaterialErrorTrace_AuditTime,审核时间,Thời gian phê duyệt
IQCMaterialErrorTrace_View,查看,Xem
IQCMaterialErrorTrace_OrderAndMaterialAndManuAndStage,单号|料号|制造商|阶段|指派人|签核人|审核人,Số đơn | Mã liệu | Nhà sản xuất | Giai đoạn | Người phân công | Người ký duyệt | Người phê duyệt
IQCMaterialErrorTrace_IQCAssign,IQC指派,Phân công IQC
IQCMaterialErrorTrace_SQEProcess,SQE处理,Xử lý SQE
IQCMaterialErrorTrace_MaterialTraceInfo,材料异常追踪信息,Thông tin truy vết bất thường vật liệu
IQCMaterialErrorTrace_MachineType,机种,Loại máy
IQCMaterialErrorTrace_IQCInfo,IQC信息维护,Bảo trì thông tin IQC
IQCMaterialErrorTrace_OccurStation,发生站别,Trạm xảy ra
IQCMaterialErrorTrace_BadnessRate,不良率,Tỷ lệ lỗi
IQCMaterialErrorTrace_IssueAttribute,问题属性,Thuộc tính vấn đề
IQCMaterialErrorTrace_IssueDescription,问题描述,Mô tả vấn đề
IQCMaterialErrorTrace_IQCSaveFilename,附件,Tệp đính kèm
IQCMaterialErrorTrace_SQEInfo,SQE信息维护,Bảo trì thông tin SQE
IQCMaterialErrorTrace_IsProcess,是否处理,Đã xử lý hay chưa
IQCMaterialErrorTrace_Remark,备注,Ghi chú
IQCMaterialErrorTrace_IsRepeatIssue,是否重复发生问题,Vấn đề có lặp lại hay không
IQCMaterialErrorTrace_PrimaryCause,根本原因,Nguyên nhân gốc rễ
IQCMaterialErrorTrace_Improvement,改善对策,Biện pháp cải thiện
IQCMaterialErrorTrace_AddFile,添加附件,Thêm tệp đính kèm
IQCMaterialErrorTrace_No,序号,Số thứ tự
IQCMaterialErrorTrace_FileName,附件名称,Tên tệp đính kèm
IQCMaterialErrorTrace_Action,操作,Thao tác
IQCMaterialErrorTrace_UploadFile,上传附件,Tải lên tệp đính kèm
IQCMaterialErrorTrace_StaffNo,工号,Mã nhân viên
IQCMaterialErrorTrace_StaffName,名称,Tên nhân viên
IQCMaterialErrorTrace_QuestionDesc,问题描述,Mô tả vấn đề
IQCMaterialErrorTrace_AssignTo,指派人员,Người được phân công
IQCMaterialErrorTrace_File,附件,Tệp đính kèm
IQCMaterialErrorTrace_ImproveBatchTrace,改善批追踪,Truy vết cải thiện lô
IQCMaterialErrorTrace_Result,结果,Kết quả
IQCMaterialErrorTrace_Audit,审核,Phê duyệt
IQCMaterialErrorTrace_TraceStatus,追踪状态,Trạng thái truy vết
IQCMaterialErrorTrace_AuditRemark,审核备注,Ghi chú phê duyệt
IQC_IQCSamplePlanMain_AAQLCYMS,按AQL抽样模式,Theo mẫu lấy AQL
IQC_IQCSamplePlanMain_CQ,次缺,Thiếu thứ yếu
IQC_IQCSamplePlanMain_CYGZZH,抽样规则转换,Chuyển đổi quy tắc lấy mẫu
IQC_IQCSamplePlanMain_CYJHZZ,抽样计划-总则,Kế hoạch lấy mẫu - Quy định chung
IQC_IQCSamplePlanMain_CYMS,抽样模式,Mẫu lấy mẫu
IQC_IQCSamplePlanMain_GC,工厂,Công xưởng
IQC_IQCSamplePlanMain_LBDM,类别代码,Mã loại
IQC_IQCSamplePlanMain_LISTCYFS,抽样方式,Phương thức lấy mẫu
IQC_IQCSamplePlanMain_LISTJL,减量,Giảm kiểm tra
IQC_IQCSamplePlanMain_LISTJY,加严,Tăng cường kiểm tra
IQC_IQCSamplePlanMain_LISTJYJG,检验结果,Kết quả kiểm tra
IQC_IQCSamplePlanMain_LISTJYPSL,检验批数量,Số lượng lô kiểm tra
IQC_IQCSamplePlanMain_LISTMJ,免检,Miễn kiểm tra
IQC_IQCSamplePlanMain_LISTNEXTCYFS,下一个抽样方式,Phương thức lấy mẫu tiếp theo
IQC_IQCSamplePlanMain_LISTXH,序号,Số thứ tự
IQC_IQCSamplePlanMain_LISTZC,正常,Bình thường
IQC_IQCSamplePlanMain_LISTZPS,总批数,Tổng số lô
IQC_IQCSamplePlanMain_MS,模式,Chế độ
IQC_IQCSamplePlanMain_SMCY,扫描抽样,Quét mẫu
IQC_IQCSamplePlanMain_XGR,修改人,Người chỉnh sửa
IQC_IQCSamplePlanMain_XGSJ,修改时间,Thời gian chỉnh sửa
IQC_IQCSamplePlanMain_ZQ,主缺,Thiếu chính
IQC_IQCSamplePlanMain_ZT,状态,Trạng thái
IQC_IQCSamplePlanMain_ABFBCYMS,按%百分比抽样模式,Theo mẫu lấy % tỷ lệ phần trăm
IQC_IQCSamplePlanMain_ASLCYMS,按数量抽样模式,Theo mẫu lấy số lượng
IQC_IQCSamplePlanMain_CQPT,次缺批退,Lô lỗi thứ yếu trả lại
IQC_IQCSamplePlanMain_CQRS,次缺允收,Lô lỗi thứ yếu được chấp nhận
IQC_IQCSamplePlanMain_CYBFB,抽样百分比(%),Tỷ lệ lấy mẫu (%)
IQC_IQCSamplePlanMain_MJZHPS,免检转化数量,Số lượng miễn kiểm tra chuyển đổi
IQC_IQCSamplePlanMain_SL,数量,Số lượng
IQC_IQCSamplePlanMain_ZQPT,主缺批退,Lô lỗi chính trả lại
IQC_IQCSamplePlanMain_ZQRS,主缺允收,Lô lỗi chính được chấp nhận
IQC_IQCSamplePlanPN_CYJHBYWL,抽样计划-by物料,Kế hoạch lấy mẫu - theo vật liệu
IQC_IQCSamplePlanPN_GC,工厂,Công xưởng
IQC_IQCSamplePlanPN_LH,料号,Mã liệu
IQC_IQCCheckVendorRpt_BLL,不良率,Tỷ lệ lỗi
IQC_IQCCheckVendorRpt_CJRQ,创建日期,Ngày tạo
IQC_IQCCheckVendorRpt_CLFL,材料分类,Phân loại vật liệu
IQC_IQCCheckVendorRpt_CY,重验,Kiểm tra lại
IQC_IQCCheckVendorRpt_DJLX,单据类型,Loại chứng từ
IQC_IQCCheckVendorRpt_GYS,供应商,Nhà cung cấp
IQC_IQCCheckVendorRpt_GYSBLLQST,供应商不良率趋势图(%),Xu hướng tỷ lệ lỗi của nhà cung cấp (%)
IQC_IQCCheckVendorRpt_GYSDESC,供应商Title,Tiêu đề nhà cung cấp
IQC_IQCCheckVendorRpt_GYSPTLQST,供应商批退率趋势图(%),Xu hướng tỷ lệ lô trả lại của nhà cung cấp (%)
IQC_IQCCheckVendorRpt_JYJG,检验结果,Kết quả kiểm tra
IQC_IQCCheckVendorRpt_JZ,机种,Loại máy
IQC_IQCCheckVendorRpt_LH,料号,Mã liệu
IQC_IQCCheckVendorRpt_LHDESC,料号Titile,Tiêu đề Mã liệu
IQC_IQCCheckVendorRpt_SAPGC,SAP工厂,Công xưởng SAP
IQC_IQCCheckVendorRpt_SHRQ,审核日期,Ngày phê duyệt
IQC_IQCCheckVendorRpt_SL,数量,Số lượng
IQC_IQCCheckVendorRpt_WLLBMC,物料类别名称,Tên loại vật liệu
IQC_IQCCheckVendorRpt_WW,委外,Gia công ngoài
IQC_IQCCheckVendorRpt_ZC,正常,Bình thường
IQC_IQCCheckVendorRpt_ZK,转库,Chuyển kho
IQC_IQCSamplePlanPN_LXMJPS,连续免检批数,Số lô liên tiếp miễn kiểm tra
IQC_IQCSamplePlanPN_MJCXTS,免检持续天数,Số ngày miễn kiểm tra liên tục
IQC_IQCSamplePlanPN_PI,批,Lô
IQC_IQCSamplePlanPN_TIAN,天,Ngày
IQC_IQCSamplePlanPN_TSMSDESC,特殊模式>>*2种免检转正常检模式*by批数/by天数*默认0代表不开启,Chế độ đặc biệt >> 2 chế độ chuyển miễn kiểm tra sang kiểm tra thường theo lô / theo ngày mặc định 0 là không bật
IQC_IQCBadCategory_buliangdaima,不良代码,Mã lỗi
IQC_IQCBadCategory_buliangmiaoshu,不良描述,Mô tả lỗi
IQC_IQCBadCategory_cengji,层级,Cấp bậc
IQC_IQCBadCategory_morenbulxiang,默认尺寸不良,Lỗi kích thước mặc định
IQC_IQCBadCategory_paixu,排序,Thứ tự sắp xếp
IQC_IQCBadCategory_xiugairen,修改人,Người chỉnh sửa
IQC_IQCBadCategory_xiugaishijian,修改时间,Thời gian chỉnh sửa
IQC_IQCBadCategory_zhuzhi,组织,Tổ chức
IQC_IQCStorage_buliangpincangku,不良品仓,Kho hàng lỗi
IQC_IQCStorage_cangkuxitong,仓库系统,Hệ thống kho hàng
IQC_IQCStorage_gongchang,工厂,Công xưởng
IQC_IQCStorage_kuwei,库位,Vị trí kho
IQC_IQCStorage_kuweishuoming,库位说明,Mô tả vị trí kho
IQC_IQCStorage_xiugairen,修改人,Người chỉnh sửa
IQC_IQCStorage_xiugaishijian,修改时间,Thời gian chỉnh sửa
SYSNAME,质量管理系统,Hệ thống quản lý chất lượng
IQC_IQCMatBatch_JYPH,检验批号,Số lô kiểm tra
IQC_PUBLIC_ZT,状态,Trạng thái
IQC_PUBLIC_JZ,机种,Loại máy
IQC_PUBLIC_KW,库位,Vị trí kho
IQC_PUBLIC_CKXT,仓库系统,Hệ thống kho hàng
IQC_IQCMatBatch_LH,料号,Mã liệu
IQC_IQCMatBatch_LLSL,来料数量,Số lượng nguyên liệu đến
IQC_IQCMatBatch_JPR,建批人,Người tạo lô
IQC_IQCMatBatch_JPSJ,建批时间,Thời gian tạo lô
IQC_IQCMatBatch_SIPNO,SIP编号,Số hiệu SIP
IQC_IQCMatBatch_JYPLX,检验批类型,Loại lô kiểm tra
IQC_IQCMatBatch_GYS,供应商,Nhà cung cấp
IQC_PUBLIC_GYSMC,供应商名称,Tên nhà cung cấp
IQC_PUBLIC_ZZSMC,制造商名称,Tên nhà sản xuất
IQC_PUBLIC_SHD,收货单,Đơn nhận hàng
IQC_IQCMatBatch_CGD,采购单,Đơn mua hàng
IQC_IQCMatBatch_CGY,采购员,Nhân viên mua hàng
IQC_IQCMatBatch_ASN,ASN,ASN
IQC_IQCMatBatch_IDN,IDN,IDN
IQC_IQCMatBatch_XWL,新物料,Vật liệu mới
IQC_IQCMatBatch_EWM,EWM,EWM
IQC_IQCMatBatch_CRZT,承认状态,Trạng thái phê duyệt
IQC_IQCMatBatch_SCPH,生产批号,Số lô sản xuất
IQC_IQCMatBatch_SCRQ,生产日期,Ngày sản xuất
IQC_IQCMatBatch_SCXM,送测项目,Hạng mục gửi kiểm tra
IQC_IQCMatBatch_CJJYD,创建检验单,Tạo phiếu kiểm tra
IQC_IQCMatBatch_QRYCJJYD,确认要创建检验单?,Xác nhận tạo phiếu kiểm tra?
IQC_IQCMatBatch_BG,报告,Báo cáo
IQC_IQCMatBatch_JZCG,加载成功,Tải thành công
IQC_PUBLIC_DGLHCXYDHGK,多个料号查询以逗号隔开，例：料号A,料号B,Nhiều Mã liệu tìm kiếm cách nhau bằng dấu phẩy, ví dụ: Mã liệu A, Mã liệu B
IQC_IQCMatBatch_JCDYSCXM,检测到有送测项目,是否执行送测?,Phát hiện có hạng mục gửi kiểm tra, có thực hiện gửi kiểm tra không?
IQC_IQCMatBatch_DGSJCXYDHGK,多个数据查询以逗号隔开，例：数据A,数据B,Nhiều dữ liệu tìm kiếm cách nhau bằng dấu phẩy, ví dụ: Dữ liệu A, Dữ liệu B
IQC_IQCMatBatch_CRJYP,插入检验批,Chèn lô kiểm tra
IQC_IQCMatBatch_GCZJCZJYDZJYZ,该操作将重置检验单至检验中,确认要操作?,Thao tác này sẽ đặt lại phiếu kiểm tra về trạng thái đang kiểm tra, xác nhận thao tác?
IQC_IQCMatBatch_ALL,所有,Tất cả
IQC_IQCMatBatch_YouIQCDH,有IQC单号,Có số IQC
IQC_IQCMatBatch_WuIQCDH,无IQC单号,Không có số IQC
IQC_IQCMatBatch_ZC,正常,Bình thường
IQC_IQCMatBatch_SHI,是,Có
IQC_IQCMatBatch_FOU,否,Không
IQC_IQCMatBatch_BGPDF,报告PDF,Báo cáo PDF
IQC_IQCMatBatch_BGExcel,报告Excel,Báo cáo Excel
IQC_IQCMatBatch_SMQQDJZL,扫码前请点击这里,Vui lòng nhấp vào đây trước khi quét mã
IQC_IQCMatBatch_JYPXX,检验批信息,Thông tin lô kiểm tra
IQC_IQCMatBatch_KHD,客户端,Khách hàng
IQC_PUBLIC_GC,工厂,Công xưởng
IQC_IQCMatBatch_SJLL,数据来源,Nguồn dữ liệu
IQC_IQCMatBatch_ZDY,自定义,Tùy chỉnh
IQC_IQCMatBatch_GXSJ,更新时间,Thời gian cập nhật
IQC_IQCPIUBLIC_SL,数量,Số lượng
IQC_PUBLIC_WLMS,物料描述,Mô tả vật liệu
IQC_IQCMatBatch_WHSIP,维护SIP,Duy trì SIP
IQC_PUBLIC_JYDH,检验单号,Số phiếu kiểm tra
IQC_IQCMatBatch_BDSS,绑定时间,Thời gian liên kết
IQC_IQCMatBatch_SMQSM,扫描枪扫码,Quét mã bằng máy quét
IQC_PUBLIC_SHDH,收货单号,Số đơn nhận hàng
IQC_IQCMatBatch_SHXC,收货项次,Hạng mục nhận hàng
IQC_PUBLIC_GNCSSL,功能测试数量,Số lượng kiểm tra chức năng
IQC_IQCMatBatch_CGSH,采购&收货,Mua hàng & nhận hàng
IQC_IQCMatBatch_CGDH,采购单号,Số đơn mua hàng
IQC_IQCMatBatch_CGXC,采购项次,Hạng mục mua hàng
IQC_PUBLIC_GYS,供应商,Nhà cung cấp
IQC_IQCMatBatch_XMMC,项目名称,Tên dự án
IQC_IQCMatBatch_JYFF,检验方法,Phương pháp kiểm tra
IQC_IQCMatBatch_CQTS,超期天数,Số ngày quá hạn
IQC_IQCMatBatch_SCZT,送测状态,Trạng thái gửi kiểm tra
IQC_IQCMatBatch_BLDM,不良代码,Mã lỗi
IQC_IQCMatBatch_BLMS,不良描述,Mô tả lỗi
IQC_IQCMatBatch_BLXX,不良信息,Thông tin lỗi
IQC_IQCMatBatch_QRYSC,确认要删除,Xác nhận xóa
IQC_IQCMatBatch_FPSL,复判数量,Số lượng đánh giá lại
IQC_IQCMatBatch_CQPD,澄清判定,Làm rõ đánh giá
IQC_IQCMatBatch_LCJY,量测检验,Kiểm tra đo lường
IQC_IQCMatBatch_HSNRQSC,灰色内容请删除,重新输入数字,Nội dung màu xám vui lòng xóa, nhập lại số
IQC_IQCMatBatch_DYBLKW,对应不良库位,Vị trí kho lỗi tương ứng
IQC_IQCMatBatch_LCSL,量测数量,Số lượng đo lường
IQC_IQCMatBatch_CJSXYCYSSYCJSWZ,抽检数小于抽样数时以抽检数为准,Khi số lượng mẫu nhỏ hơn số lượng lấy mẫu, ưu tiên theo số lượng mẫu
IQC_IQCMatBatch_HG,合格,Đạt yêu cầu
IQC_IQCMatBatch_BHG,不合格,Không đạt yêu cầu
IQC_IQCMatBatch_WWCYZNZPRKBNFP,委外、重验 只能整批入库，不能分批,Gia công ngoài, kiểm tra lại chỉ có thể nhập kho toàn bộ, không thể phân lô
IQC_PUBLIC_KB,库别,Loại kho
IQC_IQCMatBatch_XT,系统,Hệ thống
IQC_IQCMatBatch_KBMS,库别描述,Mô tả loại kho
IQC_IQCMatBatch_QXZJG,请选择检验结果,Vui lòng chọn kết quả kiểm tra
IQC_IQCMatBatch_QDYTJ,确定要提交？,Xác nhận nộp?
IQC_IQCMatBatch_QqrMRBSFWCQH,请确认MRB单是否完成签核？,Vui lòng xác nhận phiếu MRB đã hoàn tất ký duyệt?
IQC_IQCMatBatch_SJYGXJMJZZSX,数据已被更改，界面将自动刷新,Dữ liệu đã thay đổi, giao diện sẽ tự động làm mới
IQC_IQCMatBatch_GYZZ,供应&制造,Cung ứng & sản xuất
IQC_PUBLIC_IQCNO,IQC单号,Số IQC
IQC_IQCMatBatch_SWMSM,扫WMS码,Quét mã WMS
IQC_IQCMatBatch_LKWAKWB,例：库位A,库位B,Ví dụ: Vị trí kho A, Vị trí kho B
IQC_IQCMatBatch_SHGC,收货工厂,Công xưởng nhận hàng
ImportFial,导入失败,文件不存在,Nhập thất bại, tệp không tồn tại
YouWantToSubmitTheSelectedRecorYouWantToSubmitTheSelectedRecords,确定要提交所选择的记录吗？,Xác nhận nộp các bản ghi đã chọn?
IQC_IQCMatBatch_LJBH,料件编号,Số mã vật liệu
IQC_IQCMatBatch_PM,品名,Tên vật liệu
IQC_IQCMatBatch_CSBH,厂商编号,Mã nhà cung cấp
IQC_IQCMatBatch_JYY,检验员,Nhân viên kiểm tra
IQC_IQCMatBatch_PC,批次,Lô hàng
IQC_IQCMatBatch_JYP,检验批,Lô kiểm tra
IQC_IQCMatBatch_LBMC,类别名称,Tên loại
IQC_IQCMatBatch_JLRQ,进料日期,Ngày nhập hàng
IQC_IQCMatBatch_CHECKDATE,检料日期,Ngày kiểm tra
IQC_IQCMatBatch_PDJG,判定结果,Kết quả đánh giá
IQC_IQCMatBatch_JYCD,检验程度,Mức độ kiểm tra
IQC_IQCMatBatch_LJTBB,零件图版本,Phiên bản bản vẽ chi tiết
IQC_IQCMatBatch_MC,名称,Tên
IQC_IQCMatBatch_JSS,接受数,Số lượng chấp nhận
IQC_IQCMatBatch_QMSXTIQCJY,QMS系统IQC检验,Hệ thống QMS kiểm tra IQC
IQC_IQCMatBatch_PD,判定,Đánh giá
IQC_IQCMatBatch_JYPL,检验频率,Tần suất kiểm tra
IQC_IQCMatBatch_TESTNO,测试编号,Số kiểm tra
IQC_IQCMatBatch_ZBRQ,制表日期,Ngày lập biểu
IQC_IQCMatBatch_ZBR,制表人,Người lập biểu
IQC_IQCMatBatch_CS,厂商,Nhà cung cấp
IQC_IQCMatBatch_JYS,检验量,Số lượng kiểm tra
IQC_IQCMatBatch_JJS,拒绝数,Số lượng từ chối
IQC_IQCMatBatch_QDS,缺点数,Số lượng lỗi
IQC_IQCMatBatch_DYYM,打印页面,In trang
IQC_IQCCheck_LX,类型,Loại
IQ_PUBLIC_JYJG,检验结果,Kết quả kiểm tra
IQC_IQCCheck_CYSL,抽样数量,Số lượng lấy mẫu
IQC_IQCCheck_ZPCLR,指派处理人,Người xử lý được chỉ định
IQC_IQCCheck_CJSS,创建时间,Thời gian tạo
IQC_IQCCheck_CJR,创建人,Người tạo
IQC_IQCCheck_TQ,提前,Nhắc trước
IQC_IQCCheck_HS,回审,Xem lại
IQC_IQCCheck_luruSN,录入SN,Nhập SN
IQC_IQCCheck_ZC,正常,Bình thường
IQC_IQCCheck_CY,重验,Kiểm tra lại
IQC_IQCCheck_DQGXDHZCZJAD,当前勾选单号中存在结案单，您有超级删除权限请谨慎使用，确定要删除吗？,Số đơn đã chọn hiện tại có đơn đã kết thúc, bạn có quyền xóa siêu cấp, vui lòng cẩn thận khi sử dụng, xác nhận xóa?
IQC_IQCCheck_WW,委外,Gia công ngoài
IQC_IQCCheck_WJA,未结案,Chưa kết thúc
IQC_IQCCheck_JYDDC,检验单导出,Xuất phiếu kiểm tra
IQC_IQCCheck_JYXMDC,检验项目导出,Xuất dự án kiểm tra
IQC_PUBLIC_JYLX,检验类型,Loại kiểm tra
IQC_IQCCheck_JYLH,检验料号,Mã vật liệu kiểm tra
IQC_IQCCheck_SIPNO,SIP编号,Số SIP
IQC_PUBLIC_GYSBH,供应商编号,Mã nhà cung cấp
IQC_IQCCheck_CYMS,抽样模式,Chế độ lấy mẫu
IQC_IQCCheck_CYFS,抽样方式,Phương thức lấy mẫu
IQC_IQCCheck_YSBZ,验收标准,Tiêu chuẩn chấp nhận
IQC_IQCCheck_CJSL,抽检数量,Số lượng kiểm tra mẫu
IQC_IQCCheck_SCPC,SAP系统生成批次,Lô sản xuất do hệ thống SAP tạo
IQC_IQCCheck_SCRQ,生产日期,Ngày sản xuất
IQC_IQCCheck_JYZZ,检验组织,Tổ chức kiểm tra
IQC_IQCCheck_JPRQ,建批日期,Ngày tạo lô
IQC_PUBLIC_CZ,操作,Thao tác
IQC_IQCCheck_SCSL,生产数量,Số lượng sản xuất
IQC__IQCCheck_LBDM,类别代码,Mã loại
IQC_PUBLIC_WLXX,物料信息,Thông tin vật liệu
IQC__IQCCheck_LBMC,类别名称,Tên loại
IQC__IQCCheck_HBBS,环保标识,Ký hiệu bảo vệ môi trường
IQC__IQCCheck_GPMSHBZT,GPMS环保状态,Trạng thái bảo vệ môi trường GPMS
IQC__IQCCheck_LJTBB,零件图版本,Phiên bản bản vẽ chi tiết
IQC__IQCCheck_ZZSCL,制造商材料,Vật liệu của nhà sản xuất
IQC__IQCCheck_JYLS,检验历史,Lịch sử kiểm tra
IQC__PUBLIC_JG,结果,Kết quả
IQC__IQCCheck_CK,查看,Xem
IQC__IQCCheck_CJRQ,创建日期,Ngày tạo
IQC__IQCCheck_ZYXX,重要信息,Thông tin quan trọng
IQC__IQCCheck_CLSCPH,生产批号,Số lô sản xuất
IQC__IQCCheck_JYPFJ,检验批附件,Tệp đính kèm lô kiểm tra
IQC__IQCCheck_CLSCRQ,生产日期,Ngày sản xuất
IQC__IQCCheck_CLBB,材料版本,Phiên bản vật liệu
IQC__IQCCheck_JYXM,检验项目,Dự án kiểm tra
C__IQCCheck_DRXM,导入项目,Nhập dự án
IQC__IQCCheck_DCXM,导出项目,Xuất dự án
IQC__IQCCheck_XH,序号,Số thứ tự
IQC__IQCCheck_PDBZ,判定标准,Tiêu chuẩn đánh giá
IQC_IQCCheck_CZ,操作,Thao tác
IQC__IQCCheck_BLDY,不良定义,Định nghĩa lỗi
IQC__IQCCheck_CSSL,测试数量,Số lượng thử nghiệm
IQC__IQCCheck_JYTJ,检验条件,Điều kiện kiểm tra
IQC__IQCCheck_LabJYXM,Lab检验项目,Dự án kiểm tra Lab
IQC__IQCCheck_JYFS,检验方式,Phương thức kiểm tra
IQC__IQCCheck_SCSL,送测数量,Số lượng gửi kiểm tra
IQC_IQCCheck_PDJG,判定结果,Kết quả đánh giá
IQC_IQCCheck_SCDH,送测单号,Số đơn gửi kiểm tra
IQC_IQCCheck_OMMLC,OMM量测,Đo lường OMM
IQC_IQCCheck_WHY,未还样,Chưa trả mẫu
IQC_PUBLIC_BLSL,不良数量,Số lượng lỗi
IQC_IQCCheck_YHY,已还样,Đã trả mẫu
IQC_IQCCheck_LCJG,量测结果,Kết quả đo lường
IQC_IQCCheck_JYJG(BHCSap),检验结果(不回传SAP),Kết quả kiểm tra (không chuyển về SAP)
IQC_IQCCheck_BLXL,不良小类,Danh mục lỗi nhỏ
IQC_IQCCheck_BLMS,不良描述,Mô tả lỗi
IQC_IQCCheck_FPXX,复判信息,Thông tin đánh giá lại
IQC_IQCCheck_TJ,添加,Thêm
IQC_IQCCheck_JYDJG,检验单结果,Kết quả phiếu kiểm tra
IQC_IQCCheck_JGXX,结果信息,Thông tin kết quả
IQC_IQCCheck_HG,合格,Đạt yêu cầu
IQC_IQCCheck_JS,拒收,Từ chối nhận
IQC_IQCCheck_TX,挑选,Chọn lọc
IQC_IQCCheck_CG,重工,Gia công lại
IQC_IQCCheck_TC,特采,Đặc biệt chấp nhận
IQC_IQCCheck_BLS,不良数,Số lượng lỗi
IQC_IQCCheck_LCQDYYZQ,2次缺=1主缺,2 lỗi nhỏ = 1 lỗi lớn
IQC_IQCCheck_ZPSHCLR,指派审核处理人,Chỉ định người xử lý đánh giá
IQC_IQCCheck_MRBDH,MRB单号,Số phiếu MRB
IQC_IQCCheck_FQMRBD,发起MRB单,Khởi tạo phiếu MRB
IQC_IQCCheck_SZMRBD,设置MRB单,Thiết lập phiếu MRB
IQC_IQCCheck_RKXX,入库信息,Thông tin nhập kho
IQC_IQCCheck_RK,入库,Nhập kho
IQC_IQCCheck_PCH,批次号,Số lô
IQC_IQCCheck_XT,系统,Hệ thống
IQC_IQCCheck_PD,判定,Đánh giá
IQC_IQCCheck_KCLX,库存类型,Loại tồn kho
IQC_IQCCheck_SL,数量,Số lượng
IQC_IQCCheck_JYRZ,检验日志,Nhật ký kiểm tra
IQC_IQCCheck_JDLC,节点流程,Quy trình công đoạn
IQC_IQCCheck_SQEFP,SQE复判,Đánh giá lại SQE
IQC_IQCCheck_BCBTJ,保存并提交,Lưu và gửi
IQC_IQCCheck_FQWTLC(LK),发起委托量测(立铠),Khởi tạo ủy thác đo lường (Likai)
IQC_IQCCheck_HSBC,回审保存,Lưu đánh giá lại
IQC_IQCCheck_XYHKJJ,下一行快捷键：Page Down 或 Pg Dn,Phím tắt dòng tiếp theo: Page Down hoặc Pg Dn
IQC_IQCCheck_LCZ,量测值,Giá trị đo lường
IQC_IQCCheck_HCXYG,回车下一个,Nhấn Enter để chuyển sang tiếp theo
IQC_IQCCheck_XX,信息:,Thông tin:
IQC_IQCCheck_LCSL,量测数量,Số lượng đo lường
IQC_IQCCheck_NGSL,NG数量,Số lượng NG
IQC_IQCCheck_XYH,下一行,Dòng tiếp theo
IQC_IQCCheck_CSDH,测试单号,Số kiểm tra
IQC_IQCCheck_SYSPD,实验室判定,Kết luận phòng thí nghiệm
IQC_IQCCheck_SYSBLS,实验室不良数,Số lỗi phòng thí nghiệm
IQC_IQCCheck_IQCPD,IQC判定,Đánh giá IQC
IQC_IQCCheck_YSYSJG,依实验室结果,Theo kết quả phòng thí nghiệm
IQC_PUBLIC_QR,确认,Xác nhận
IQC_PUBLIC_GB,关闭,Đóng
IQC_IQCCheck_GH,工号,Mã nhân viên
IQC_IQCCheck_XM,姓名,Họ tên
IQC_IQCCheck_TG,通过,Đồng ý
IQC_IQCCheck_GCZJSXJM,该操作将刷新介面，请先保存数据以免数据丢失，确认要操作？,Thao tác này sẽ làm mới giao diện, vui lòng lưu dữ liệu trước để tránh mất dữ liệu. Bạn có chắc muốn tiếp tục không?
IQC_IQCCheck_FPSL,复判数量,Số lượng đánh giá lại
IQC_IQCCheck_CQPD,澄清判定,Làm rõ đánh giá
IQC_IQCCheck_LRSL,录入数量,Số lượng nhập
IQC_IQCCheck_LCSN,量测SN,Số SN đo lường
IQC_IQCCheck_BH,驳回,Từ chối
IQC_IQCCheck_CSR,测试人,Người kiểm tra
IQC_IQCCheck_SHSYG,审核上一个,Duyệt trước
IQC_IQCCheck_SHXYG,审核下一个,Duyệt tiếp theo
IQC_IQCCheck_TH,退回,Trả lại
IQC_IQCCheck_QDYTH,确定要退回,Xác nhận có muốn trả lại không
IQC_IQCCheck_YS,允收,Chấp nhận
IQC_IQCCheck_PT,批退,Trả lại lô
IQC_IQCCheck_ZPSqeFPCLR,指派SQE复判处理人,Chỉ định người xử lý đánh giá lại SQE
IQC_IQCCheck_JYDJLZDsqeFPCLR,检验单将流转到 SQE复判处理人,Phiếu kiểm tra sẽ chuyển đến người xử lý đánh giá lại SQE
IQC_IQCCheck_BFSYJTZQDYCZ,并发送通知邮件,确定要操作？,Gửi email thông báo, bạn có chắc muốn tiếp tục không?
IQC_IQCCheck_JSYJTZ,拒收邮件通知,Thông báo email từ chối nhận
IQC_IQCCheck_QSR,请输入,Vui lòng nhập
IQC_IQCCheck_GEZHI,个值,Giá trị
IQC_IQCCheck_SQRCG,申请人(采购),Người yêu cầu (Mua hàng)
IQC_IQCCheck_BLSM,不良说明,Mô tả lỗi
IQC_IQCCheck_CLLB,材料类别,Loại vật liệu
IQC_IQCCheck_WLLBMC,物料类别名称,Tên loại vật liệu
IQC_PUBLIC_ZZS,制造商,Nhà sản xuất
IQC_IQCCheck_DHLX,单号类型,Loại đơn
IQC_IQCCheck_CYJH,抽样计划,Kế hoạch lấy mẫu
IQC_IQCCheck_PSL,批数量,Số lượng lô
IQC_IQCCheck_HGSL,合格数量,Số lượng đạt yêu cầu
IQC_IQCCheck_YPSL,样品数量,Số mẫu
IQC_IQCCheck_WGBL,外观不良,Lỗi về ngoại hình
IQC_IQCCheck_WGBLL,外观不良率,Tỷ lệ lỗi ngoại hình
IQC_IQCCheck_CCBL,尺寸不良,Lỗi về kích thước
IQC_IQCCheck_CCBLL,尺寸不良率,Tỷ lệ lỗi kích thước
IQC_IQCCheck_GNBLL,功能不良率,Tỷ lệ lỗi chức năng
IQC_IQCCheck_CWKB,储位库别,Loại kho lưu trữ
IQC_IQCCheck_JYR,检验人,Người kiểm tra
IQC_IQCCheck_GRDATE,GR单日期,Ngày GR
IQC_IQCCheck_JYDRQ,检验单日期,Ngày phiếu kiểm tra
IQC_IQCCheck_JYDWCRQ,检验单完成日期,Ngày hoàn thành phiếu kiểm tra
IQC_IQCCheck_CLSCDRQ,材料生产日期,Ngày sản xuất vật liệu
IQC_IQCCheck_CLSCPH,材料生产批号,Số lô sản xuất vật liệu
IQC_IQCCheck_CLBB,材料版本,Phiên bản vật liệu
IQC__IQCCheck_JYZ,检验中,Đang kiểm tra
IQC__IQCCheck_DSH,待审核,Chờ phê duyệt
IQC_IQCCheck_JA,结案,Kết thúc
IQC_IQCCheck_ZZ,终止,Dừng
IQC_IQCCheck_ZK,转库,Chuyển kho
IQC_IQCCheck_RQLX,日期类型,Loại ngày
IQC_IQCMatBatch_SYJJ,所有结果,Tất cả kết quả
IQC_IQCCheck_DLHADHFG,多料号按,分割,Nhiều mã vật liệu cách nhau bằng dấu ","
IQC_IQCCheck_GNBL,功能不良,Lỗi chức năng
IQC_IQCCheck_BLDL,不良大类,Lỗi lớn
IQC_IQCMatBatch_WLYC,网络异常,Lỗi mạng
IQC_IQCMatBatch_CG8H,超过8H,Hơn 8 giờ
IQC_IQCMatBatch_CG24H,超过24H,Hơn 24 giờ
IQC_IQCMatBatch_CG48H,超过48H,Hơn 48 giờ
IQC_IQCMatBatch_CG72H,超过72H,Hơn 72 giờ
IQC_IQCMatBatch_DJPS,待检批数,Số lượng lô chưa kiểm tra
IQC_IQCMatBatch_JYZPS,检验中批数,Số lô đang kiểm tra
IQC_IQCCheck_ZCCXDCZQBNCG32T,最长查询导出周期不能超过32天,Thời gian xuất báo cáo tìm kiếm không quá 32 ngày
IQC_IQCCheck_SAPGC,SAP工厂,SAP Công xưởng
IQC_IQCCheck_CLFL,材料分类,Loại vật liệu
IQC_IQCCheck_TOTAL,汇总,Tổng hợp
IQC_IQCCheck_ZCCXZQBNCG31T,最长查询周期不能超过31天,Thời gian tìm kiếm không quá 31 ngày
IQC_IQCCheck_WLLBZZS,物料类别名称|制造商,Tên loại vật liệu|Nhà sản xuất
IQC_IQCCheck_JYPSJBBPT,检验批数据报表-批退,Báo cáo dữ liệu kiểm tra lô - Trả lại lô
IQC_IQCCheck_BPLX,报表类型,Loại báo cáo
IQC_IQCCheck_CL,材料,Vật liệu
IQC_IQCCheck_WL,物料,Mã vật liệu
IQC_IQCCheck_ZZS,制造商,Nhà sản xuất
IQC_IQCCheck_WLZZS,物料|制造商,Mã vật liệu|Nhà sản xuất
IQ_PUBLIC_DJLX,单据类型,Loại chứng từ
IQC_IQCCheck_DCJGFZHZ,导出结果分组汇总,Xuất kết quả theo nhóm tổng hợp
IQC_IQCCheck_GONG,共,Tổng số
IQC_IQCCheck_TJL,条记录,Ghi chép
IQC_PUBLIC_QTY,数量,Số lượng
IQC_IQCCheck_LLPPTLQST,来料批批退率趋势图(%),Biểu đồ xu hướng tỷ lệ trả lại lô hàng nhập (%)
IQC_IQCCheck_CJPS,抽检批数,Số lô lấy mẫu
IQC_IQCCheck_PTL,批退率,Tỷ lệ trả lại lô
IQC_IQCCheck_PTPS,批退批数,Số lô bị trả lại
IQC_IQCCheck_WEIDU,维度,Kích thước
IQC_IQCCheck_TJWT,统计维度,Kỹ thuật thống kê
IQC_IQCCheck_Month,月,Tháng
IQC_IQCCheck_Week,周,Tuần
IQC_IQCCheck_Day,日,Ngày
IQC_IQCCheck_PTLQST,批退率趋势图2,Biểu đồ xu hướng tỷ lệ trả lại lô 2
IQC_IQCCheck_TJKJ,统计口径,Tiêu chuẩn thống kê
IQC_IQCCheck_AJYPBSTJ,按检验批笔数统计,Thống kê theo số lượng phiếu kiểm tra
IQC_IQCCheck_Sample,例,Ví dụ
IQC_IQCCheck_JYPS,检验批数,Số phiếu kiểm tra
IQC_IQCCheck_ZLB,这2笔,Hai phiếu này
IQC_IQCCheck_KWCXSYGC,空为查询所有工厂,Chưa xác định nếu cần tìm kiếm tất cả các công xưởng
IQC_IQCCheck_JYPSJBB_BL,检验批数据报表-不良,Báo cáo dữ liệu kiểm tra lô - Lỗi
IQC_IQCCheck_LLBLLRQST,来料不良率日趋势图,Biểu đồ xu hướng tỷ lệ lỗi vật liệu đến hàng ngày
IQC_IQCCheck_DCL,达成率,Tỷ lệ hoàn thành
IQC_IQCCheck_DCLQST,达成率趋势图,Biểu đồ xu hướng tỷ lệ hoàn thành
IQC_IQCCheck_LLPS,来料批数,Số lô vật liệu đến
IQC_IQCCheck_JYKBJ,IQC检验看板集,Bảng điều khiển IQC kiểm tra
IQC_IQCCheck_JYKB,IQC检验看板,Bảng điều khiển IQC
IQC_IQCCheck_JLBS,进料笔数,Số lượng nguyên liệu nhập
IQC_IQCCheck_JYWCBS,检验完成笔数,Số lượng hoàn thành kiểm tra
IQC_IQCCheck_DJYBS,待检验笔数,Số lượng chờ kiểm tra
IQC_IQCCheck_DOMMLCBS,待OMM量测笔数,Số lượng chờ đo lường OMM
IQC_IQCCheck_QRHZSJ,七日汇总数据,Dữ liệu tổng hợp bảy ngày
IQC_IQCCheck_MON,星期一,Thứ Hai
IQC_IQCCheck_TUE,星期二,Thứ Ba
IQC_IQCCheck_WED,星期三,Thứ Tư
IQC_IQCCheck_THU,星期四,Thứ Năm
IQC_IQCCheck_FRI,星期五,Thứ Sáu
IQC_IQCCheck_SAT,星期六,Thứ Bảy
IQC_IQCCheck_SUN,星期日,Chủ Nhật
IQC_IQCCheck_LCKB,量测看板,Bảng điều khiển đo lường
IQC_IQCCheck_LBZXSLZX,轮播最小数量执行,Thực hiện số lượng tối thiểu vòng quay
IQC_IQCCheck_QCDSQ,清除定时器,Xóa bộ hẹn giờ
IQC_IQCCheck_ZSL,执行了,Đã thực hiện
IQC_IQCCheck_IqcJYKBV1,IQC检验看板-v1,Bảng điều khiển IQC kiểm tra - phiên bản 1
IQC_IQCCheck_IQCLCKB,量测样品看板,Bảng điều khiển mẫu đo lường
IQC_IQCCheck_JAJLS,结案急料-上,Nguyên liệu khẩn cấp kết thúc - trên
IQC_IQCCheck_JAJLZ,结案急料-中,Nguyên liệu khẩn cấp kết thúc - giữa
IQC_IQCCheck_JAJLW,结案急料-晚,Nguyên liệu khẩn cấp kết thúc - cuối
IQC_IQCCheck_JLZBS,进料总笔数,Tổng số lượng nguyên liệu nhập
IQC_IQCCheck_CF,厂房,Công xưởng
IQC_IQCCheck_SYBS,收样笔数,Số lượng mẫu thu thập
IQC_IQCCheck_LCBS,量测笔数,Số lượng đo lường
IQC_IQCCheck_DLCBS,待量测笔数,Số lượng chờ đo lường
IQC_IQCCheck_LCL,量测率,Tỷ lệ đo lường
IQC_IQCCheck_JILIAOBS,急料笔数,Số lượng nguyên liệu khẩn cấp
IQC_IQCcheck_Year,年,Năm
IQC_IQCCheck_JYL,检验率,Tỷ lệ kiểm tra
IQC_IQCCheck_JZDSQ,加载定时器,Bộ hẹn giờ tải
IQC_IQCCheck_OmmLCBS,OMM量测笔数,Số lượng đo lường OMM
IQC_IQCCheck_OMMLCKB,OMM量测看板,Bảng điều khiển đo lường OMM
IQC_IQCCheck_OmmSYBS,OMM收样笔数,Số lượng mẫu thu thập OMM
IQC_IQCCheck_QmsIqcJYKB,QMS-IQC检验看板,Bảng điều khiển IQC QMS
NoDataError,只能是创建人或者保管人操作,Chỉ người tạo hoặc người giữ mới có thể thao tác
IQCStorage_UDPort,入库接口,Giao diện nhập kho
IQCOrg_NoShow,不显示,Không hiển thị
IQC_IQCOrg_InputSarch,输入搜索,Nhập tìm kiếm
IQC_IQCStaff_JOIN,加入到,Thêm vào
IQC_IQCStaff_QRYJ,确认要将,Xác nhận muốn thêm vào
IQC_IQCStaff_DontSetPsd,不设置新密码,不需要填,Không cài đặt mật khẩu mới, không cần nhập
IQC_RoleWillBeReclain,角色将被回收,Vai trò sẽ bị thu hồi
IQC_IQCEmailGroup_EmptyMeans,留空表示应用所有工厂,Để trống để áp dụng cho tất cả các Công xưởng
IQC_PUBLIC_Hour,小时,Giờ
IQCOrg_Show,显示,Hiển thị
C__IQCCheck_DRXM_HX,导入项目(横向),Nhập dự án (ngang)
C__IQCCheck_DRXM_SX,导入项目(竖向),Nhập dự án (dọc)
IQC__IQCCheck_DCXM_HX,导出项目(横向),Xuất dự án (ngang)
IQC__IQCCheck_DCXM_SX,导出项目(竖向),Xuất dự án (dọc)
IQC_IQCCheck_SQECONFIRM,SQE确认结果,Xác nhận kết quả SQE
IQC_IQCMatBatch_Change,变更,Thay đổi
IQC_IQCMatBatch_TZ,图纸,Bản vẽ
IQC_IQCMatBatch_DQSCXM,到期送测项目,Dự án hết hạn gửi thử nghiệm
IQC_IQCMatBatch_QRSCGXX,确认送测勾选项,Xác nhận mục gửi thử nghiệm đã chọn
IQC_IQCBatchFileSize_InputBatchNoShowMatInfo,输入检验批号自动带出物料信息,Nhập mã kiểm tra lô sẽ tự động điền thông tin vật liệu
IQC_IQCMatBatch_DQRQ,到期日期,Ngày hết hạn
IQC_Public_QDYSCGWJ,确定要删除该文件,Xác nhận muốn xóa tệp này
IQCAutoGRMaintain_Msg_StockIN,确认要操作入库?,Xác nhận muốn thao tác nhập kho?
IQC_IQCMaterialErrorTrace_IsNotPending,不是待处理或驳回状态，无法处理,Không phải trạng thái đang xử lý hoặc từ chối, không thể xử lý
IQC_IQCMaterialErrorTrace_IsNotPendingReview,不是待审核状态，无法审核,Không phải trạng thái đang chờ phê duyệt, không thể phê duyệt
IQC_IQCMaterialErrorTrace_IsNotToBeAssign,不是待指派状态，无法指派,Không phải trạng thái đang chờ chỉ định, không thể chỉ định
IQC_IQCMaterialErrorTrace_YJCDCFFSWT,已检测到重复发生问题,单号,Phát hiện vấn đề xảy ra lại, mã số đơn
IQC_PUBLIC_PleaseUploadFile,请上传附件!,Vui lòng tải lên tệp đính kèm!
IQC_PUBLIC_JYRQ,检验日期,Ngày kiểm tra
Nobtain,证书编号不能相同,Mã chứng nhận không thể trùng lặp
IQCSIPByLaw_LowerLimitEmpty,下限(空为无限),Giới hạn dưới (trống là không giới hạn)
IQCSIPByLaw_UpperLimitEmpty,上限(空为无限),Giới hạn trên (trống là không giới hạn)
IQCSIPCommon_SIPITEMISEMPTY,SIP项目为空，无法提交,Mục SIP trống, không thể gửi
IQCSIPCommon_SIPZZX,SIP总则项,Mục tổng quát SIP
IQC_PUBLIC_DELETHEDATA,确定要删除该数据？,Xác nhận muốn xóa dữ liệu này?
IQC_PUBLIC_DELETHEPROJECT,确定要删除该项目?,Xác nhận muốn xóa mục này?
IQCSIPCommon_NotAllowEditInThisState,此状态下不允许编辑,Không cho phép chỉnh sửa trong trạng thái này
IQCSIPCommon_Update,更新,Cập nhật
IQCSIPCommon_MatInfoManage,物料信息管理,Quản lý thông tin vật liệu
IQCSIPCommon_SIPXZX,SIP细则项,Mục chi tiết SIP
IQCSIPBylaw_ChangeTheValue,变更该值将刷新介面，请先保存数据，是否已保存？,Thay đổi giá trị này sẽ làm mới giao diện, vui lòng lưu dữ liệu trước, đã lưu chưa?
IQCSIPBylaw_NormalRefesh,正常刷新请稍等...,Làm mới bình thường, vui lòng đợi...
IQCSIPBylaw_PleaseUploadPicture,请上传图片,Vui lòng tải lên hình ảnh
IQCSIPBylaw_PleaseUploadStructPicture,请上传结构样图片,Vui lòng tải lên hình ảnh cấu trúc
AddNew,新增,Thêm mới
IQCAQL_SamplePlanList,抽样计划表,樣本数大于或等于批量数時，則使用100%檢驗.检验数量=批量数,Kế hoạch lấy mẫu, số mẫu lớn hơn hoặc bằng số lô thì sử dụng kiểm tra 100%, số lượng kiểm tra = số lô
IQCMatManage_ConfirmOperate,确认是否执行该操作？,Xác nhận có thực hiện thao tác này không?
IQCMatManage_SapAccount,SAP账号,Tài khoản SAP
IQCMatManage_SapPassword,SAP密码,Mật khẩu SAP
IQCWorkShop_WorkShopInfo,厂房信息,Thông tin Công xưởng
AcceptSetting,接收设置,Cài đặt nhận
ConfirmSampling,确认取样,Xác nhận lấy mẫu
FinishTime,完成时间,Thời gian hoàn thành
IfOmmMeasure,是否OMM量测,Có phải đo lường OMM không
IQCCHECK,IQC检验,Kiểm tra IQC
OmmAccepter,OMM接收人,Người nhận OMM
OmmAcceptTime,OMM接收时间,Thời gian nhận OMM
RealitySampleNumber,实际取样数,Số mẫu thực tế
Sampled,已取样,Số mẫu đã lấy
SampleNumber,抽验数,Số lượng kiểm tra
Sampler,取样人,Người lấy mẫu
SampleSetting,取样设置,Cài đặt lấy mẫu
SendTestOmmPerson,送测OMM人员,Nhân viên OMM gửi thử nghiệm
SendTestOmmQty,送测OMM数量,Số lượng OMM gửi thử nghiệm
ToBeSample,待取样,Chờ lấy mẫu
WareHouseComfirmer,库房确认人,Người xác nhận kho
ConfirmSendSample,确认送样,Xác nhận gửi mẫu
HaveSendSampled,已送样,Đã gửi mẫu
SendSampleSetting,送样设置,Cài đặt gửi mẫu
SendTestOmm,送测OMM,Nhân viên OMM gửi thử nghiệm
ToBeSendSample,待送样,Chờ gửi mẫu
ConfirmReturSample,确认还样,Xác nhận trả lại mẫu
ConfirmTime,确认时间,Thời gian xác nhận
InspectSetting,检验设置,Cài đặt kiểm tra
IQC_IQCCheck_DHY,待还样,Chờ trả lại mẫu
MeasureSetting,量测设置,Cài đặt đo lường
OmmMeasurer,OMM量测人员,Nhân viên OMM đo lường
ReceivingPerson,收料人,Nhân viên nhận mẫu
ReceivingSetting,收料设置,Cài đặt nhận mẫu
NoExaprove,流程已结束,不允许操作,Quy trình đã kết thúc, không cho phép thao tác
NoExamine,审批人不正确，不允许操作,Người phê duyệt không đúng, không cho phép thao tác
SapDraft,只能是草稿状态才允许修改,Chỉ cho phép chỉnh sửa trong trạng thái bản nháp
Day,日,Ngày
PI_CheckDate,点检日期,Ngày kiểm tra điểm
PI_CheckItem,点检项目,Mục kiểm tra điểm
PI_CheckRemark,点检备注,Ghi chú kiểm tra điểm
PI_CheckResult,点检结果,Kết quả kiểm tra điểm
PI_CheckUser,点检人,Người kiểm tra điểm
PI_Criterion,检验内容/标准,Nội dung/tiêu chuẩn kiểm tra
PI_Frequency,频率,Tần suất
PI_Line,线别,Dây chuyền
PI_PeriodOfDont,段别,Phân đoạn
PI_SCDJXX,生产点检信息,Mục kiểm tra điểm sản xuất
PI_Species,种类,Loại
PI_SubmitSHR,提交审核人,Người phê duyệt gửi
PI_SubmitTime,提交时间,Thời gian gửi
PI_SumbitCheck,提交审核,Phê duyệt gửi
PI_TimeCode,时段编码,Mã thời gian
PI_TimeFrame,时段,Thời gian
PI_ToolSerial,点检编码,Mã kiểm tra điểm
PI_Workstation,工站,Vị trí công tác
PI_YearStr,年份,Năm
PI_Zone,区段,Khu vực
PI_ExportPDF,导出PDF,Xuất PDF
IQC_IQCCheck_Back,退回,Trả lại
IQC_IQCCheck_Ratify,批准,Phê duyệt
NoDataorganization,不允许存在相同组织名称,Không cho phép tồn tại tên tổ chức trùng lặp
AccountRegister,账户注册,Đăng ký tài khoản
DefaultModule,默认模块,Mô-đun mặc định
APPLYTIME,反馈日期,Ngày phản hồi
APPLYNAME,申请人,Người yêu cầu
MATERIALCODE,零件料号,Mã vật liệu phụ tùng
Scale,物料状态,Tình trạng vật liệu
BADTYPE,异常类别,Loại bất thường
IQC_IQCCheckFile_Attachment,附件,Tệp đính kèm
IQC_Check_SaveFiles,确认保存文件？,Xác nhận lưu tệp?
